,REGION,PROVINCIA,COMUNA,HOMBRES,MUJERES,EDAD_0A5,EDAD_6A14,EDAD_15A64,EDAD_65YMAS,INMIGRANTES,P12_1,P12_2,P12_3,P12_4,P12_5,P12_6,P12_7,P12_8,P12_99,P13_1,P13_2,P13_3,P13_99,P14_0,P14_1,P14_2,P14_3,P14_4,P14_5,P14_6,P14_7,P14_8,P14_98,P14_99,P15_1,P15_2,P15_3,P15_4,P15_5,P15_6,P15_7,P15_8,P15_9,P15_10,P15_11,P15_12,P15_13,P15_14,P15_98,P15_99,P15A_1,P15A_2,P15A_98,P15A_99,P16_1,P16_2,P16_99,P16A_1,P16A_2,P16A_3,P16A_4,P16A_5,P16A_6,P16A_7,P16A_8,P16A_9,P16A_10,P16A_98,P16A_99,P17_1,P17_2,P17_3,P17_4,P17_5,P17_6,P17_7,P17_8,P17_98,P17_99,P18_A,P18_B,P18_C,P18_D,P18_E,P18_F,P18_G,P18_H,P18_I,P18_J,P18_K,P18_L,P18_M,P18_N,P18_O,P18_P,P18_Q,P18_R,P18_S,P18_T,P18_U,P18_Z,P18_98,P18_99
0,1,11,1101,694899,723981,117730,178657,986054,112865,166854,88151.0,71473.0,8856.0,784.0,11256.0,933.0,2606.0,4386.0,3023.0,58282.0,122415.0,7007.0,3764.0,13335.0,13771.0,23400.0,21205.0,60285.0,21578.0,10804.0,4330.0,9910.0,7007.0,5843.0,5890.0,2977.0,4311.0,629.0,35364.0,3734.0,42856.0,26764.0,3945.0,2260.0,14681.0,35222.0,2288.0,281.0,7007.0,3259.0,106395.0,72933.0,7007.0,5133.0,33021.0,154264.0,4183.0,5695.0,18529.0,49.0,407.0,3706.0,391.0,2455.0,16.0,20.0,1753.0,154264.0,4183.0,85594.0,1241.0,4450.0,6904.0,15250.0,14936.0,12854.0,6888.0,40588.0,2763.0,97420.0,2763.0,966.0,3178.0,3555.0,240.0,380.0,6281.0,17671.0,7322.0,5440.0,1057.0,1239.0,1053.0,2878.0,4207.0,7692.0,6951.0,4437.0,794.0,1891.0,2184.0,9.0,11860.0
1,1,11,1107,315323,328202,60932,102818,431647,24884,68904,27346.0,65333.0,4265.0,284.0,6541.0,419.0,1038.0,580.0,2569.0,39723.0,60785.0,4752.0,3115.0,10191.0,8974.0,12045.0,10113.0,34094.0,6237.0,4776.0,3120.0,9037.0,4752.0,5036.0,4592.0,2302.0,3166.0,482.0,31291.0,1257.0,25030.0,19924.0,969.0,406.0,4220.0,6395.0,178.0,12.0,4752.0,3399.0,51031.0,47795.0,4752.0,4797.0,32079.0,72775.0,3521.0,5397.0,20034.0,29.0,314.0,2412.0,285.0,2608.0,7.0,7.0,986.0,72775.0,3521.0,41022.0,922.0,2161.0,4104.0,8430.0,9101.0,3325.0,6056.0,30685.0,2569.0,61701.0,2569.0,364.0,1439.0,2287.0,89.0,236.0,4588.0,9826.0,4470.0,2052.0,360.0,206.0,268.0,651.0,2751.0,1827.0,2634.0,1190.0,201.0,776.0,808.0,3.0,7079.0
2,2,21,2101,1586811,1635085,240161,420062,2258731,191245,259885,189673.0,126765.0,7886.0,1275.0,8716.0,1238.0,15752.0,3391.0,7177.0,116181.0,221590.0,14465.0,9637.0,22875.0,26938.0,47483.0,35812.0,115061.0,33664.0,20325.0,8217.0,22620.0,14465.0,14413.0,9518.0,5095.0,8011.0,1296.0,71800.0,6068.0,81128.0,53259.0,5956.0,2993.0,27914.0,60800.0,3799.0,738.0,14465.0,9033.0,197951.0,136236.0,14465.0,13221.0,28174.0,321295.0,12404.0,10179.0,6195.0,67.0,2789.0,2098.0,470.0,4025.0,43.0,26.0,2282.0,321295.0,12404.0,153397.0,2003.0,9384.0,14496.0,32766.0,32902.0,19270.0,13556.0,76260.0,7839.0,189250.0,7839.0,912.0,15098.0,9229.0,854.0,892.0,12628.0,23896.0,12690.0,6872.0,1998.0,1804.0,737.0,6040.0,9208.0,7954.0,10314.0,7467.0,1443.0,3294.0,3542.0,10.0,27902.0
3,2,22,2203,2566,2744,222,477,3873,179,1063,3550.0,4937.0,218.0,178.0,1083.0,10.0,54.0,647.0,319.0,2300.0,7864.0,501.0,331.0,573.0,551.0,1304.0,1010.0,3973.0,1071.0,548.0,203.0,727.0,501.0,535.0,260.0,115.0,194.0,13.0,2212.0,131.0,2410.0,1757.0,50.0,50.0,906.0,1846.0,203.0,52.0,501.0,296.0,6586.0,3434.0,501.0,475.0,5523.0,5196.0,277.0,332.0,335.0,4.0,4068.0,531.0,25.0,80.0,5.0,2.0,141.0,5196.0,277.0,6153.0,210.0,645.0,246.0,347.0,579.0,406.0,353.0,1799.0,258.0,3730.0,258.0,180.0,755.0,245.0,15.0,53.0,810.0,462.0,344.0,1215.0,45.0,30.0,11.0,226.0,750.0,194.0,260.0,167.0,81.0,57.0,46.0,1.0,1061.0
4,3,31,3101,409860,418673,62993,106821,561050,56324,30282,88004.0,58379.0,1118.0,324.0,2010.0,370.0,1454.0,778.0,1500.0,48866.0,95845.0,6985.0,2241.0,11440.0,12328.0,19157.0,16714.0,47143.0,13716.0,8662.0,3830.0,11287.0,6985.0,2675.0,4781.0,2719.0,3740.0,630.0,35106.0,3540.0,36296.0,18400.0,2868.0,1070.0,11684.0,22917.0,900.0,177.0,6985.0,2124.0,81132.0,63249.0,6985.0,2571.0,27078.0,125052.0,1807.0,5133.0,1699.0,43.0,206.0,624.0,9564.0,9023.0,12.0,8.0,766.0,125052.0,1807.0,60912.0,354.0,2280.0,6416.0,14426.0,17987.0,10275.0,4380.0,35492.0,1415.0,88976.0,1415.0,1648.0,10123.0,2382.0,398.0,499.0,5160.0,11297.0,4457.0,2500.0,739.0,759.0,207.0,1410.0,2962.0,5550.0,4682.0,2414.0,478.0,800.0,1181.0,2.0,3898.0
5,4,41,4101,684789,776343,99319,176913,977096,141615,26166,107225.0,103943.0,753.0,738.0,305.0,219.0,1428.0,2360.0,4083.0,73183.0,134691.0,8232.0,4948.0,15463.0,16171.0,27558.0,22825.0,67791.0,22750.0,13784.0,5484.0,13622.0,8232.0,7374.0,6654.0,3535.0,5047.0,956.0,45201.0,5006.0,47501.0,28690.0,4752.0,1872.0,16345.0,39812.0,2529.0,507.0,8232.0,4415.0,119169.0,86697.0,8232.0,6956.0,18994.0,195498.0,6562.0,6775.0,1996.0,54.0,412.0,270.0,758.0,7470.0,42.0,19.0,1198.0,195498.0,6562.0,82376.0,1580.0,4228.0,8793.0,23774.0,22674.0,17908.0,8489.0,46938.0,4294.0,128576.0,4294.0,2796.0,4291.0,3726.0,290.0,358.0,8082.0,14839.0,4862.0,4092.0,1053.0,1143.0,742.0,3151.0,4233.0,4227.0,8144.0,4470.0,828.0,1753.0,2388.0,4.0,12712.0
6,4,41,4102,678679,741016,99348,164693,951709,127266,23208,115565.0,101674.0,712.0,715.0,402.0,365.0,1365.0,2105.0,4827.0,72338.0,140127.0,9628.0,5637.0,16572.0,17246.0,27517.0,22577.0,71881.0,20007.0,12702.0,5890.0,15223.0,9628.0,8487.0,7007.0,3890.0,5454.0,1101.0,50785.0,5527.0,52386.0,33468.0,4710.0,2369.0,15424.0,29419.0,1331.0,232.0,9628.0,4999.0,119026.0,91238.0,9628.0,7838.0,18274.0,201006.0,8450.0,7752.0,1649.0,47.0,307.0,302.0,647.0,6185.0,28.0,34.0,1323.0,201006.0,8450.0,87298.0,1566.0,4552.0,8878.0,20685.0,24411.0,17823.0,6804.0,51008.0,4705.0,129609.0,4705.0,4711.0,3373.0,4542.0,361.0,373.0,9705.0,16703.0,6659.0,4192.0,876.0,865.0,614.0,2454.0,4279.0,3836.0,7028.0,3955.0,878.0,1682.0,2472.0,44.0,13814.0
7,5,51,5101,1195833,1273884,153097,229749,1680202,306926,28471,193276.0,90971.0,623.0,1245.0,130.0,293.0,712.0,3673.0,5732.0,91353.0,188707.0,10262.0,6333.0,16314.0,23624.0,37529.0,34112.0,92921.0,27794.0,20402.0,6584.0,16697.0,10262.0,10416.0,6687.0,3910.0,5405.0,1576.0,53843.0,10426.0,73967.0,33359.0,11211.0,2409.0,24447.0,48746.0,3591.0,834.0,10262.0,5982.0,160932.0,116748.0,10262.0,8713.0,20153.0,268092.0,8410.0,16427.0,923.0,189.0,104.0,164.0,80.0,933.0,51.0,24.0,1258.0,268092.0,8410.0,123292.0,2315.0,5745.0,9676.0,31910.0,23932.0,30071.0,11746.0,52698.0,5270.0,160033.0,5270.0,1008.0,691.0,6834.0,545.0,602.0,10858.0,21788.0,11501.0,7352.0,2354.0,1501.0,732.0,4248.0,7724.0,9718.0,10670.0,7030.0,1498.0,3200.0,4407.0,6.0,17085.0
8,5,51,5102,42516,45614,6412,9949,59684,9095,890,16461.0,9417.0,64.0,80.0,17.0,16.0,31.0,341.0,440.0,7717.0,17555.0,1132.0,463.0,1713.0,1917.0,3017.0,2966.0,8348.0,2003.0,1827.0,760.0,2225.0,1132.0,959.0,733.0,405.0,553.0,136.0,7404.0,941.0,6991.0,2945.0,446.0,79.0,1817.0,2541.0,132.0,38.0,1132.0,574.0,13611.0,11317.0,1132.0,807.0,1674.0,24447.0,746.0,1480.0,58.0,15.0,4.0,4.0,2.0,19.0,1.0,2.0,89.0,24447.0,746.0,11516.0,222.0,533.0,760.0,2189.0,2900.0,2198.0,781.0,5398.0,370.0,14226.0,370.0,1423.0,57.0,1427.0,49.0,44.0,884.0,1425.0,1585.0,635.0,85.0,67.0,42.0,263.0,526.0,454.0,674.0,372.0,87.0,152.0,414.0,1.0,1605.0
9,5,51,5103,241808,265227,32552,53103,344574,54784,17713,13939.0,25788.0,285.0,324.0,34.0,111.0,205.0,933.0,533.0,13266.0,26839.0,1349.0,698.0,2610.0,3390.0,5734.0,4782.0,11387.0,5286.0,3043.0,1158.0,2291.0,1349.0,1122.0,1177.0,623.0,794.0,124.0,7673.0,969.0,9077.0,3345.0,1068.0,226.0,3534.0,9879.0,1419.0,211.0,1349.0,684.0,24000.0,15768.0,1349.0,1035.0,2288.0,38956.0,908.0,1796.0,72.0,22.0,9.0,38.0,11.0,114.0,6.0,2.0,218.0,38956.0,908.0,18334.0,325.0,772.0,1296.0,4497.0,3623.0,3339.0,1268.0,8204.0,494.0,22227.0,494.0,268.0,351.0,1051.0,121.0,87.0,1856.0,2730.0,955.0,1131.0,249.0,345.0,351.0,1048.0,780.0,1135.0,1462.0,1193.0,251.0,565.0,919.0,12.0,2571.0
10,5,51,5109,1126082,1231551,137411,217599,1616948,292980,50819,157272.0,159531.0,953.0,2567.0,264.0,391.0,1057.0,5816.0,6397.0,102636.0,213767.0,10229.0,7616.0,17235.0,26007.0,44095.0,39229.0,98350.0,37809.0,23826.0,7752.0,17503.0,10229.0,12213.0,7339.0,4047.0,5553.0,1539.0,54389.0,10098.0,72051.0,35656.0,12645.0,2919.0,29468.0,72008.0,7476.0,1636.0,10229.0,7195.0,187575.0,125690.0,10229.0,10754.0,20573.0,303443.0,10232.0,16370.0,851.0,287.0,144.0,180.0,143.0,1035.0,73.0,29.0,1461.0,303443.0,10232.0,140398.0,2423.0,6647.0,10506.0,39687.0,26916.0,35216.0,10957.0,55186.0,6312.0,178468.0,6312.0,732.0,1138.0,6844.0,596.0,529.0,13838.0,22896.0,8727.0,7412.0,2704.0,2341.0,1587.0,6335.0,7010.0,10832.0,12348.0,10338.0,1955.0,4332.0,6371.0,13.0,20590.0
11,5,52,5201,7046,7280,1130,1738,10370,848,646,2827.0,4057.0,56.0,79.0,5.0,7.0,39.0,407.0,273.0,1903.0,5259.0,264.0,324.0,516.0,462.0,1016.0,910.0,2400.0,856.0,380.0,212.0,308.0,264.0,426.0,262.0,111.0,140.0,15.0,1417.0,103.0,1636.0,834.0,91.0,17.0,853.0,1512.0,157.0,30.0,264.0,308.0,4456.0,2602.0,264.0,428.0,3976.0,3485.0,289.0,336.0,14.0,3512.0,1.0,3.0,6.0,8.0,2.0,1.0,93.0,3485.0,289.0,4366.0,120.0,296.0,79.0,263.0,315.0,184.0,256.0,1642.0,229.0,2739.0,229.0,200.0,21.0,231.0,11.0,16.0,316.0,457.0,245.0,687.0,51.0,49.0,9.0,100.0,403.0,525.0,257.0,237.0,90.0,50.0,63.0,1.0,763.0
12,5,53,5301,156508,168703,20527,34210,215651,37723,5592,34696.0,27974.0,207.0,901.0,88.0,61.0,440.0,696.0,1645.0,18802.0,43467.0,2437.0,2002.0,4035.0,4329.0,7830.0,7116.0,21921.0,5770.0,4045.0,1644.0,4457.0,2437.0,3124.0,1688.0,929.0,1374.0,252.0,14071.0,2134.0,14949.0,10456.0,1772.0,617.0,5575.0,8071.0,428.0,51.0,2437.0,1904.0,37171.0,24200.0,2437.0,2900.0,3671.0,60256.0,2781.0,2740.0,198.0,39.0,30.0,37.0,52.0,278.0,7.0,11.0,279.0,60256.0,2781.0,27931.0,489.0,2022.0,2343.0,4576.0,6312.0,5785.0,2532.0,13270.0,1448.0,34818.0,1448.0,1490.0,2288.0,1217.0,89.0,95.0,2534.0,4250.0,2360.0,1207.0,279.0,298.0,78.0,852.0,1430.0,2193.0,1869.0,1320.0,323.0,451.0,677.0,1.0,5141.0
13,5,55,5501,173202,193632,25295,41622,243482,42335,5050,52699.0,34637.0,152.0,350.0,75.0,99.0,286.0,997.0,1222.0,27218.0,58435.0,3312.0,1552.0,6134.0,7077.0,10945.0,10173.0,27235.0,7991.0,6135.0,2509.0,6683.0,3312.0,2323.0,2734.0,1409.0,1904.0,508.0,21549.0,3297.0,23304.0,9189.0,2697.0,622.0,7274.0,10798.0,531.0,55.0,3312.0,1334.0,47885.0,37202.0,3312.0,2118.0,5048.0,83198.0,2271.0,3715.0,317.0,30.0,19.0,55.0,29.0,543.0,10.0,3.0,327.0,83198.0,2271.0,37327.0,594.0,1662.0,2848.0,8177.0,8585.0,9364.0,2666.0,18141.0,1153.0,49781.0,1153.0,5152.0,759.0,1870.0,200.0,183.0,3430.0,6457.0,2380.0,1274.0,399.0,371.0,164.0,944.0,1486.0,3140.0,2601.0,1949.0,256.0,666.0,1241.0,1.0,4660.0
14,5,56,5601,293866,309313,40717,64127,402986,69059,6831,58445.0,28744.0,166.0,206.0,83.0,150.0,234.0,1066.0,2256.0,24570.0,60493.0,3727.0,2560.0,5723.0,6472.0,10380.0,9552.0,29865.0,7311.0,5557.0,2314.0,6645.0,3727.0,3804.0,2341.0,1398.0,1914.0,497.0,21629.0,3634.0,25256.0,10901.0,2384.0,570.0,6364.0,8158.0,308.0,42.0,3727.0,2227.0,48342.0,35905.0,3727.0,3376.0,8496.0,79492.0,3362.0,7768.0,163.0,26.0,8.0,47.0,19.0,97.0,11.0,8.0,349.0,79492.0,3362.0,37626.0,575.0,2067.0,2932.0,5825.0,8690.0,9567.0,3513.0,18666.0,1889.0,49193.0,1889.0,1906.0,153.0,2295.0,80.0,180.0,2975.0,6528.0,6311.0,1568.0,341.0,339.0,121.0,722.0,2074.0,1978.0,2420.0,1663.0,365.0,716.0,1293.0,1.0,6239.0
15,5,58,5801,432895,487395,52610,88958,615875,123032,10825,55829.0,89768.0,224.0,744.0,75.0,126.0,314.0,1468.0,3160.0,44842.0,98096.0,4892.0,3878.0,8210.0,11249.0,19384.0,18877.0,46214.0,15676.0,10179.0,3213.0,7780.0,4892.0,6034.0,3449.0,1914.0,2664.0,761.0,25628.0,4786.0,36005.0,16550.0,6353.0,1504.0,15619.0,26098.0,1619.0,222.0,4892.0,3644.0,85041.0,56474.0,4892.0,5301.0,10034.0,136566.0,5108.0,8133.0,438.0,139.0,49.0,75.0,46.0,491.0,42.0,26.0,595.0,136566.0,5108.0,60990.0,1062.0,3028.0,4984.0,14764.0,14463.0,16323.0,4964.0,27908.0,3222.0,83406.0,3222.0,496.0,643.0,3379.0,336.0,289.0,6034.0,10657.0,4361.0,2431.0,1239.0,993.0,455.0,2216.0,3001.0,3667.0,5309.0,4219.0,685.0,1581.0,2182.0,3.0,10904.0
16,5,58,5802,61873,66391,9070,14870,84206,16889,1113,24800.0,19590.0,29.0,153.0,18.0,25.0,58.0,441.0,1007.0,13375.0,29644.0,1839.0,1263.0,2862.0,3484.0,5453.0,5003.0,13733.0,3753.0,3368.0,1363.0,3365.0,1839.0,1898.0,1079.0,724.0,990.0,273.0,11008.0,1978.0,12063.0,4500.0,1262.0,255.0,3303.0,5463.0,314.0,58.0,1839.0,1012.0,23814.0,18925.0,1839.0,1543.0,2350.0,42090.0,1681.0,1903.0,144.0,23.0,14.0,14.0,7.0,83.0,5.0,3.0,154.0,42090.0,1681.0,18261.0,359.0,774.0,1300.0,3823.0,4698.0,4948.0,1693.0,9375.0,890.0,25837.0,890.0,2485.0,164.0,990.0,78.0,111.0,1709.0,2940.0,1386.0,777.0,197.0,172.0,87.0,493.0,886.0,919.0,1273.0,997.0,158.0,295.0,793.0,9.0,2475.0
17,5,58,5803,13810,14742,1785,2690,18786,3744,216,9240.0,7640.0,18.0,65.0,10.0,9.0,7.0,209.0,318.0,4493.0,11861.0,748.0,414.0,986.0,1231.0,2062.0,1910.0,4958.0,1434.0,1366.0,525.0,1633.0,748.0,663.0,392.0,256.0,321.0,81.0,4923.0,692.0,4418.0,1660.0,466.0,79.0,1084.0,1890.0,136.0,38.0,748.0,332.0,8827.0,7382.0,748.0,559.0,951.0,16045.0,520.0,755.0,41.0,15.0,4.0,8.0,6.0,44.0,8.0,1.0,69.0,16045.0,520.0,7000.0,163.0,326.0,470.0,1237.0,2053.0,2088.0,523.0,3338.0,318.0,9709.0,318.0,977.0,57.0,284.0,15.0,54.0,832.0,918.0,479.0,501.0,92.0,54.0,44.0,170.0,450.0,235.0,389.0,280.0,92.0,104.0,424.0,4.0,1034.0
18,5,58,5804,407092,457971,56121,92382,579312,103281,7714,41931.0,80523.0,191.0,580.0,48.0,82.0,188.0,972.0,2033.0,38797.0,80672.0,4456.0,2623.0,7593.0,9781.0,16052.0,15801.0,39898.0,11619.0,7958.0,2784.0,6404.0,4456.0,4202.0,3108.0,1861.0,2449.0,651.0,22502.0,3645.0,32357.0,13783.0,4872.0,1185.0,12701.0,19238.0,1051.0,130.0,4456.0,2559.0,70125.0,48085.0,4456.0,3882.0,7571.0,113790.0,5187.0,6004.0,382.0,75.0,27.0,46.0,37.0,416.0,27.0,14.0,543.0,113790.0,5187.0,50423.0,836.0,2430.0,4155.0,12066.0,12393.0,12624.0,4033.0,25295.0,2293.0,70566.0,2293.0,471.0,466.0,2976.0,258.0,179.0,4777.0,8878.0,4134.0,1990.0,901.0,684.0,331.0,1722.0,2628.0,3038.0,4216.0,3318.0,505.0,1259.0,1944.0,3.0,9011.0
19,6,61,6101,786550,839168,112024,189164,1090901,164772,24213,137495.0,95211.0,467.0,656.0,146.0,362.0,1232.0,2409.0,3796.0,71683.0,155117.0,10154.0,4820.0,15126.0,17958.0,30846.0,25172.0,74775.0,21242.0,15847.0,6770.0,17208.0,10154.0,6676.0,5782.0,3861.0,5226.0,979.0,57151.0,7341.0,55730.0,30089.0,6018.0,2317.0,20038.0,30952.0,1775.0,205.0,10154.0,4156.0,129421.0,95718.0,10154.0,6481.0,18461.0,217504.0,5809.0,16579.0,341.0,82.0,33.0,96.0,52.0,300.0,23.0,11.0,944.0,217504.0,5809.0,99738.0,1446.0,5297.0,9257.0,18007.0,24913.0,20480.0,8349.0,50870.0,3417.0,131876.0,3417.0,4798.0,6029.0,6595.0,427.0,495.0,8412.0,20320.0,6738.0,4373.0,1335.0,1233.0,374.0,2760.0,6157.0,5249.0,7009.0,6197.0,1193.0,1917.0,3003.0,3.0,11864.0
20,6,61,6106,55551,57344,8597,14503,74890,11120,1330,18424.0,14017.0,46.0,69.0,129.0,40.0,20.0,163.0,529.0,10190.0,20849.0,1687.0,711.0,2134.0,2483.0,3778.0,3321.0,10094.0,2545.0,2110.0,1044.0,2995.0,1687.0,1246.0,791.0,524.0,783.0,138.0,9994.0,929.0,8312.0,3700.0,456.0,138.0,2159.0,2963.0,109.0,14.0,1687.0,740.0,16807.0,13826.0,1687.0,1117.0,3130.0,29384.0,923.0,2826.0,70.0,10.0,1.0,52.0,8.0,21.0,5.0,1.0,136.0,29384.0,923.0,13834.0,159.0,718.0,1146.0,2452.0,3521.0,2360.0,892.0,7762.0,593.0,18133.0,593.0,3202.0,246.0,1179.0,45.0,62.0,942.0,2167.0,837.0,400.0,130.0,94.0,43.0,288.0,537.0,578.0,947.0,496.0,193.0,157.0,294.0,1.0,1873.0
21,6,61,6108,156862,167098,27553,45328,217403,23277,6122,19968.0,30378.0,132.0,180.0,14.0,139.0,175.0,630.0,889.0,16907.0,32029.0,2380.0,1189.0,3917.0,3559.0,6615.0,5146.0,13738.0,6592.0,3756.0,1633.0,3383.0,2380.0,1786.0,1600.0,1010.0,1271.0,181.0,12187.0,1033.0,9834.0,4571.0,782.0,293.0,4126.0,10947.0,1077.0,117.0,2380.0,1096.0,29035.0,19456.0,2380.0,1634.0,3334.0,47906.0,1265.0,2854.0,122.0,10.0,16.0,23.0,28.0,82.0,7.0,3.0,189.0,47906.0,1265.0,21462.0,372.0,1195.0,1676.0,3908.0,5380.0,3101.0,1484.0,12929.0,998.0,28478.0,998.0,855.0,2438.0,935.0,136.0,101.0,2002.0,2654.0,962.0,656.0,317.0,445.0,124.0,1044.0,927.0,1318.0,1772.0,1617.0,230.0,344.0,867.0,1.0,3284.0
22,6,63,6301,196682,216771,27672,50441,277978,37789,3834,45820.0,25738.0,98.0,159.0,20.0,112.0,223.0,442.0,1361.0,21014.0,48150.0,3019.0,1790.0,5055.0,5210.0,8373.0,7009.0,22936.0,6348.0,4653.0,2179.0,6640.0,3019.0,2551.0,2204.0,1162.0,1616.0,366.0,20067.0,2271.0,18425.0,9235.0,1478.0,556.0,4189.0,7389.0,457.0,53.0,3019.0,1486.0,39160.0,29362.0,3019.0,2432.0,4281.0,67414.0,2278.0,3800.0,81.0,27.0,5.0,39.0,12.0,58.0,3.0,2.0,254.0,67414.0,2278.0,31527.0,555.0,1417.0,2252.0,4964.0,6829.0,6859.0,2421.0,15782.0,1367.0,39107.0,1367.0,4633.0,199.0,2491.0,152.0,200.0,2221.0,6360.0,1879.0,1145.0,272.0,359.0,83.0,784.0,1216.0,1464.0,2547.0,1516.0,211.0,440.0,1002.0,1.0,4324.0
23,7,73,7301,318357,343915,40814,74216,453817,54963,8966,89829.0,53535.0,143.0,359.0,56.0,185.0,333.0,1650.0,3046.0,44269.0,94983.0,6223.0,3661.0,9882.0,10274.0,16369.0,14582.0,45069.0,14168.0,8924.0,4720.0,13546.0,6223.0,5379.0,4368.0,2230.0,3164.0,570.0,42851.0,3763.0,33315.0,18388.0,2537.0,662.0,8152.0,18420.0,1029.0,155.0,6223.0,3309.0,76725.0,61303.0,6223.0,4885.0,9298.0,134716.0,5122.0,8471.0,135.0,36.0,6.0,60.0,17.0,46.0,16.0,8.0,503.0,134716.0,5122.0,65115.0,1173.0,2550.0,3949.0,11684.0,13949.0,12026.0,4896.0,30862.0,2932.0,77366.0,2932.0,10930.0,180.0,4669.0,205.0,248.0,4869.0,12360.0,4261.0,2181.0,674.0,687.0,242.0,1760.0,2460.0,2501.0,4980.0,2870.0,451.0,915.0,2088.0,1.0,9306.0
24,7,74,7401,188078,213842,26880,48438,268886,39027,2469,63978.0,27141.0,84.0,154.0,19.0,85.0,182.0,388.0,1571.0,27373.0,60513.0,3852.0,1864.0,6362.0,6826.0,10404.0,9503.0,27129.0,8709.0,6091.0,3077.0,8909.0,3852.0,2740.0,2844.0,1433.0,2005.0,358.0,27393.0,3266.0,19182.0,14065.0,1827.0,556.0,4802.0,9789.0,556.0,65.0,3852.0,1609.0,47462.0,39768.0,3852.0,2520.0,3887.0,86452.0,3263.0,3509.0,46.0,13.0,5.0,11.0,9.0,34.0,5.0,7.0,248.0,86452.0,3263.0,36849.0,737.0,1658.0,3622.0,7261.0,10184.0,9393.0,2812.0,19540.0,1546.0,52812.0,1546.0,4352.0,213.0,2261.0,167.0,170.0,2993.0,6922.0,2539.0,1326.0,368.0,381.0,100.0,887.0,1409.0,2853.0,3190.0,1989.0,229.0,545.0,1327.0,1.0,5022.0
25,8,81,8101,590595,645089,81171,121471,872792,126639,14823,112011.0,103987.0,462.0,564.0,61.0,247.0,632.0,2507.0,3103.0,75363.0,137407.0,6768.0,4036.0,11336.0,17965.0,29783.0,27347.0,63690.0,28736.0,14924.0,5412.0,11709.0,6768.0,5904.0,4851.0,2701.0,3579.0,831.0,37538.0,5687.0,47356.0,18641.0,5854.0,2653.0,18358.0,58890.0,5133.0,1415.0,6768.0,3319.0,123510.0,88104.0,6768.0,5192.0,19558.0,198892.0,5124.0,17970.0,189.0,54.0,33.0,125.0,47.0,103.0,36.0,24.0,977.0,198892.0,5124.0,91954.0,1491.0,4055.0,7791.0,33527.0,18078.0,20741.0,7684.0,35065.0,3188.0,122886.0,3188.0,736.0,454.0,6009.0,454.0,461.0,7499.0,16063.0,5632.0,4271.0,1838.0,1554.0,775.0,4594.0,4107.0,6268.0,10614.0,7567.0,1173.0,2229.0,3209.0,65.0,11928.0
26,8,81,8102,538642,592211,83967,140817,765190,79850,2352,68167.0,45461.0,66.0,263.0,29.0,19.0,37.0,319.0,1901.0,37599.0,71286.0,5018.0,2359.0,8219.0,9697.0,14583.0,12869.0,34877.0,8587.0,6267.0,3297.0,9675.0,5018.0,3173.0,3348.0,1901.0,2852.0,494.0,31137.0,3338.0,26782.0,15682.0,1565.0,1415.0,8490.0,11740.0,403.0,59.0,5018.0,2038.0,57647.0,50419.0,5018.0,3178.0,13755.0,99428.0,3079.0,12915.0,155.0,49.0,9.0,31.0,12.0,22.0,16.0,6.0,540.0,99428.0,3079.0,40924.0,660.0,2146.0,4973.0,11424.0,13905.0,9961.0,3951.0,26121.0,2197.0,70335.0,2197.0,1669.0,329.0,3945.0,242.0,234.0,4299.0,6139.0,3546.0,1256.0,429.0,406.0,136.0,814.0,2796.0,3171.0,3212.0,1836.0,246.0,658.0,907.0,24.0,7436.0
27,8,81,8103,338398,379147,49574,85117,500613,66332,2396,36247.0,47929.0,55.0,164.0,25.0,31.0,60.0,366.0,1061.0,27891.0,53397.0,3096.0,1554.0,5099.0,6777.0,10783.0,10013.0,25409.0,9004.0,5308.0,2328.0,5741.0,3096.0,2380.0,1965.0,1225.0,1818.0,370.0,18384.0,2365.0,21616.0,7454.0,1878.0,878.0,6638.0,15472.0,1192.0,262.0,3096.0,1325.0,46173.0,34765.0,3096.0,1904.0,7523.0,76489.0,1926.0,7060.0,54.0,16.0,3.0,7.0,6.0,31.0,7.0,5.0,334.0,76489.0,1926.0,34357.0,556.0,1496.0,3127.0,9927.0,8462.0,7325.0,2586.0,16801.0,1301.0,48228.0,1301.0,252.0,174.0,2371.0,104.0,154.0,3723.0,6386.0,2251.0,1293.0,514.0,549.0,229.0,1333.0,1828.0,1700.0,3163.0,2556.0,281.0,753.0,1698.0,1.0,5096.0
28,8,81,8108,566598,613828,96656,156516,801725,79338,8845,39118.0,89681.0,169.0,379.0,29.0,54.0,203.0,818.0,1357.0,44973.0,79843.0,5058.0,1934.0,10018.0,10445.0,17282.0,14800.0,34613.0,15255.0,8503.0,3978.0,8860.0,5058.0,2996.0,4440.0,2331.0,3100.0,639.0,30545.0,2207.0,27338.0,11103.0,2173.0,921.0,10190.0,26628.0,2909.0,552.0,5058.0,1674.0,70234.0,53767.0,5058.0,2749.0,12562.0,116966.0,2280.0,11836.0,98.0,29.0,17.0,32.0,11.0,45.0,14.0,2.0,478.0,116966.0,2280.0,54096.0,665.0,2296.0,4449.0,13906.0,12314.0,8969.0,3431.0,30266.0,1416.0,73335.0,1416.0,607.0,323.0,4228.0,297.0,305.0,6115.0,9566.0,3643.0,2147.0,785.0,1003.0,403.0,2371.0,2749.0,3345.0,5289.0,3725.0,454.0,1034.0,2418.0,1.0,6249.0
29,8,81,8110,426986,469004,56692,91667,622314,90844,2900,91608.0,57129.0,64.0,246.0,16.0,41.0,89.0,512.0,2044.0,47311.0,95704.0,5649.0,3085.0,8717.0,12090.0,20015.0,18870.0,45719.0,14144.0,8795.0,3461.0,9929.0,5649.0,4360.0,3487.0,2165.0,2908.0,673.0,31590.0,4481.0,35088.0,17854.0,4074.0,2202.0,14602.0,23304.0,1292.0,129.0,5649.0,2251.0,81887.0,60679.0,5649.0,3534.0,12316.0,136139.0,3294.0,11362.0,178.0,37.0,11.0,22.0,13.0,78.0,36.0,20.0,559.0,136139.0,3294.0,57436.0,861.0,3083.0,5860.0,16941.0,17048.0,14821.0,4763.0,28772.0,2164.0,88205.0,2164.0,1604.0,363.0,4767.0,199.0,250.0,4306.0,9162.0,4710.0,2403.0,765.0,639.0,172.0,1752.0,3672.0,5280.0,4678.0,3873.0,594.0,1042.0,1481.0,1.0,9667.0
30,8,81,8111,98873,113686,13670,22261,140744,27725,535,40045.0,13677.0,32.0,83.0,7.0,22.0,23.0,122.0,935.0,15783.0,35674.0,2321.0,1168.0,3157.0,4195.0,6491.0,6006.0,16769.0,4740.0,3844.0,1352.0,4492.0,2321.0,1579.0,1246.0,796.0,1073.0,205.0,14656.0,2189.0,12907.0,6452.0,1130.0,621.0,3685.0,6364.0,292.0,47.0,2321.0,962.0,28123.0,23104.0,2321.0,1398.0,3538.0,49706.0,1702.0,3265.0,37.0,11.0,3.0,5.0,5.0,12.0,4.0,6.0,190.0,49706.0,1702.0,20424.0,429.0,1012.0,2052.0,5070.0,5949.0,6680.0,1819.0,10561.0,950.0,32131.0,950.0,1226.0,62.0,1049.0,55.0,65.0,2050.0,2835.0,1455.0,914.0,145.0,179.0,44.0,401.0,1124.0,2074.0,1840.0,1293.0,100.0,297.0,716.0,1.0,3940.0
31,8,81,8112,230813,256348,29029,46861,330516,56423,1088,30486.0,59681.0,51.0,173.0,6.0,47.0,84.0,242.0,1003.0,28575.0,58446.0,3167.0,1585.0,5520.0,7318.0,11980.0,11375.0,28564.0,8416.0,5376.0,2140.0,5515.0,3167.0,2402.0,2229.0,1304.0,1798.0,536.0,18392.0,3122.0,21981.0,11265.0,2523.0,1328.0,8482.0,13709.0,650.0,63.0,3167.0,1224.0,49134.0,37395.0,3167.0,2077.0,8395.0,81003.0,2375.0,7905.0,45.0,20.0,10.0,11.0,11.0,29.0,12.0,7.0,345.0,81003.0,2375.0,35808.0,495.0,1756.0,3821.0,9746.0,9525.0,9219.0,2576.0,17502.0,1325.0,52389.0,1325.0,344.0,252.0,3224.0,156.0,154.0,3142.0,7174.0,2905.0,1670.0,567.0,390.0,151.0,1055.0,2053.0,1961.0,2959.0,2279.0,386.0,786.0,1149.0,2.0,5300.0
32,8,83,8301,461013,508985,66810,121120,653543,86455,5166,133049.0,64355.0,141.0,338.0,33.0,183.0,305.0,757.0,3170.0,61914.0,126837.0,9717.0,3863.0,13247.0,14892.0,23440.0,19632.0,61819.0,18155.0,12289.0,6771.0,16820.0,9717.0,5549.0,5487.0,3261.0,4289.0,875.0,57672.0,5106.0,43211.0,27379.0,2894.0,1380.0,11835.0,24311.0,1394.0,176.0,9717.0,3344.0,103026.0,84300.0,9717.0,5288.0,12390.0,185145.0,4796.0,10957.0,128.0,36.0,9.0,66.0,14.0,55.0,25.0,9.0,1091.0,185145.0,4796.0,78844.0,1484.0,3807.0,7188.0,16259.0,23802.0,18329.0,5165.0,44423.0,3030.0,115166.0,3030.0,6099.0,323.0,6997.0,463.0,329.0,7133.0,14392.0,5956.0,3047.0,812.0,860.0,284.0,1987.0,3637.0,4263.0,6603.0,4565.0,479.0,978.0,2909.0,1.0,12018.0
33,9,91,9101,684485,766182,89609,148928,1007623,135872,13811,144634.0,127956.0,274.0,2009.0,64.0,205.0,455.0,1919.0,4899.0,94668.0,171235.0,10443.0,6069.0,17591.0,21442.0,34085.0,30781.0,82768.0,34317.0,16528.0,7674.0,17553.0,10443.0,9233.0,7612.0,4148.0,5611.0,975.0,58394.0,6524.0,56170.0,37154.0,6154.0,2278.0,19162.0,56943.0,4724.0,991.0,10443.0,5132.0,152295.0,111380.0,10443.0,8297.0,68369.0,208211.0,5835.0,65857.0,167.0,58.0,25.0,72.0,29.0,88.0,41.0,18.0,2014.0,208211.0,5835.0,116249.0,2361.0,4994.0,9084.0,33791.0,25326.0,22491.0,7927.0,55441.0,4751.0,154060.0,4751.0,2187.0,176.0,6836.0,337.0,522.0,11685.0,21913.0,7789.0,4646.0,1919.0,1772.0,631.0,4449.0,5216.0,7457.0,12841.0,8461.0,1083.0,2320.0,4682.0,5.0,16677.0
34,10,101,10101,1118890,1171010,148940,299023,1596761,135566,16867,128478.0,109368.0,219.0,1708.0,39.0,205.0,611.0,1157.0,4117.0,80179.0,150803.0,9682.0,5238.0,16805.0,19047.0,29677.0,25700.0,71041.0,23182.0,13834.0,7555.0,22058.0,9682.0,7321.0,7356.0,3821.0,5396.0,845.0,68908.0,5146.0,53859.0,30377.0,3213.0,1297.0,16746.0,32681.0,1956.0,234.0,9682.0,4385.0,126394.0,103199.0,9682.0,6627.0,52483.0,187813.0,5606.0,47798.0,314.0,73.0,19.0,84.0,27.0,136.0,114.0,38.0,3880.0,187813.0,5606.0,107203.0,2072.0,4862.0,7645.0,22052.0,21440.0,15601.0,7784.0,53499.0,3744.0,128021.0,3744.0,4360.0,182.0,7706.0,386.0,490.0,9749.0,19650.0,10096.0,5203.0,1270.0,1423.0,444.0,3275.0,5578.0,7535.0,7678.0,5361.0,652.0,1460.0,3069.0,4.0,18566.0
35,10,101,10109,88969,96402,13785,20372,127023,16168,2686,20446.0,22114.0,76.0,335.0,15.0,36.0,98.0,718.0,740.0,13170.0,28742.0,1663.0,1003.0,3423.0,3048.0,5310.0,4342.0,11378.0,5558.0,3157.0,1531.0,3596.0,1663.0,1572.0,1618.0,798.0,973.0,147.0,11859.0,951.0,8478.0,4282.0,734.0,141.0,2811.0,8108.0,1014.0,123.0,1663.0,878.0,23903.0,17556.0,1663.0,1456.0,8262.0,34992.0,1324.0,7640.0,41.0,7.0,17.0,11.0,3.0,25.0,9.0,6.0,503.0,34992.0,1324.0,20710.0,463.0,986.0,1126.0,2913.0,3774.0,2898.0,1193.0,9809.0,706.0,21713.0,706.0,1580.0,26.0,1070.0,93.0,56.0,2021.0,2666.0,1062.0,1674.0,208.0,271.0,184.0,940.0,1092.0,1014.0,1646.0,1278.0,275.0,291.0,1159.0,5.0,3548.0
36,10,103,10301,509829,567843,67464,129643,734717,93869,3428,100081.0,56316.0,76.0,878.0,25.0,65.0,189.0,691.0,3139.0,48765.0,102831.0,6419.0,3445.0,10329.0,11870.0,19678.0,17401.0,47040.0,14853.0,9418.0,4816.0,14351.0,6419.0,5285.0,4354.0,2395.0,3448.0,783.0,44233.0,4822.0,37209.0,17686.0,3096.0,766.0,11517.0,20271.0,1316.0,217.0,6419.0,2928.0,83387.0,66944.0,6419.0,4710.0,47257.0,111183.0,3020.0,44321.0,157.0,30.0,16.0,17.0,10.0,44.0,41.0,6.0,2615.0,111183.0,3020.0,67243.0,1342.0,2609.0,5089.0,13363.0,16451.0,14821.0,4991.0,32763.0,2788.0,87478.0,2788.0,3786.0,86.0,5004.0,484.0,243.0,6105.0,13007.0,5189.0,2753.0,777.0,836.0,218.0,2092.0,3219.0,3119.0,5650.0,3972.0,524.0,1008.0,3095.0,2.0,10025.0
37,11,111,11101,179251,189600,22365,48334,249372,24543,4209,32356.0,23146.0,67.0,615.0,15.0,51.0,248.0,401.0,919.0,18493.0,35941.0,2267.0,1117.0,4621.0,4421.0,7247.0,5589.0,15934.0,5781.0,3196.0,1797.0,5388.0,2267.0,1577.0,2150.0,1034.0,1402.0,272.0,16748.0,1120.0,13713.0,5260.0,612.0,158.0,3782.0,7691.0,576.0,89.0,2267.0,944.0,29806.0,24122.0,2267.0,1623.0,14802.0,41990.0,1026.0,13435.0,90.0,10.0,12.0,30.0,5.0,33.0,47.0,23.0,1117.0,41990.0,1026.0,27127.0,643.0,1427.0,1268.0,4030.0,4406.0,3180.0,1507.0,13471.0,759.0,27862.0,759.0,1782.0,198.0,977.0,128.0,117.0,2938.0,4022.0,1872.0,1231.0,354.0,320.0,50.0,810.0,1358.0,4043.0,2383.0,1763.0,236.0,316.0,1137.0,27.0,3135.0
38,11,112,11201,27750,27226,3519,7915,36827,3648,393,13364.0,9847.0,22.0,212.0,5.0,22.0,67.0,80.0,340.0,7100.0,15436.0,1046.0,377.0,1853.0,1811.0,2817.0,2315.0,6780.0,1927.0,1335.0,828.0,2805.0,1046.0,442.0,827.0,413.0,604.0,78.0,8153.0,544.0,5169.0,3051.0,220.0,62.0,1429.0,1995.0,88.0,11.0,1046.0,269.0,12057.0,10423.0,1046.0,433.0,8082.0,15590.0,287.0,7496.0,40.0,5.0,3.0,17.0,3.0,21.0,35.0,3.0,459.0,15590.0,287.0,10561.0,291.0,844.0,749.0,1379.0,2177.0,1302.0,802.0,5584.0,270.0,11993.0,270.0,1613.0,151.0,688.0,21.0,45.0,816.0,1306.0,918.0,456.0,72.0,56.0,12.0,204.0,448.0,1193.0,835.0,406.0,41.0,94.0,274.0,5.0,2042.0
39,12,121,12101,326716,343122,36217,68083,460929,66768,11260,69829.0,54091.0,135.0,1566.0,41.0,55.0,786.0,3466.0,1623.0,37747.0,88057.0,3679.0,2109.0,8351.0,9619.0,17767.0,13878.0,40656.0,14233.0,7753.0,3149.0,9402.0,3679.0,3105.0,3997.0,1776.0,2459.0,460.0,27811.0,4026.0,25772.0,21519.0,3131.0,1440.0,12009.0,19984.0,1429.0,295.0,3679.0,1805.0,75387.0,49557.0,3679.0,2969.0,28334.0,101188.0,2070.0,22822.0,117.0,29.0,14.0,36.0,17.0,108.0,648.0,192.0,4351.0,101188.0,2070.0,61976.0,771.0,3534.0,2981.0,10015.0,10750.0,11146.0,4025.0,24773.0,1621.0,63690.0,1621.0,1722.0,1271.0,3380.0,254.0,222.0,5477.0,9687.0,6057.0,3252.0,751.0,874.0,167.0,1853.0,3121.0,8824.0,4479.0,3620.0,550.0,932.0,1901.0,10.0,7877.0
40,13,131,13101,1350446,1347792,146705,137662,2214759,167108,741012,78543.0,203514.0,34364.0,3198.0,2270.0,3343.0,18768.0,53876.0,6619.0,96920.0,285813.0,12767.0,8995.0,16079.0,24186.0,51380.0,48877.0,112871.0,77539.0,24696.0,7270.0,15581.0,12767.0,13249.0,7518.0,3475.0,4972.0,667.0,44180.0,4193.0,70595.0,40080.0,8137.0,2262.0,43466.0,137640.0,14328.0,2504.0,12767.0,7711.0,257864.0,122175.0,12767.0,11689.0,32817.0,359992.0,11686.0,23641.0,1939.0,213.0,232.0,1579.0,125.0,806.0,101.0,36.0,4145.0,359992.0,11686.0,238526.0,2497.0,11314.0,15557.0,29497.0,13752.0,19831.0,17944.0,49300.0,6277.0,145881.0,6277.0,656.0,1398.0,12324.0,856.0,539.0,12646.0,40100.0,9845.0,19373.0,13901.0,9120.0,2182.0,18435.0,12817.0,15434.0,17807.0,15500.0,3868.0,6996.0,8272.0,142.0,30126.0
41,13,131,13102,224240,233103,33389,49198,303374,52900,19414,25940.0,49249.0,917.0,278.0,65.0,188.0,1205.0,1337.0,1653.0,23043.0,52232.0,3497.0,2060.0,5008.0,6268.0,9722.0,8382.0,25207.0,6705.0,4890.0,2100.0,5977.0,3497.0,3076.0,2179.0,1151.0,1586.0,449.0,18816.0,2357.0,17919.0,12695.0,2308.0,650.0,5785.0,9185.0,386.0,45.0,3497.0,1824.0,42013.0,32631.0,3497.0,2691.0,8958.0,69262.0,2612.0,8149.0,115.0,29.0,13.0,47.0,7.0,119.0,21.0,11.0,447.0,69262.0,2612.0,35903.0,401.0,1637.0,3002.0,5921.0,6811.0,6772.0,2621.0,16233.0,1531.0,41360.0,1531.0,138.0,143.0,3181.0,119.0,151.0,2893.0,6872.0,3555.0,1357.0,845.0,669.0,172.0,1191.0,2574.0,2553.0,1845.0,1582.0,300.0,781.0,1236.0,5.0,5779.0
42,13,131,13103,281791,289244,42357,64290,387445,67367,25017,59702.0,63199.0,2914.0,435.0,169.0,232.0,717.0,2258.0,2996.0,36363.0,86559.0,5869.0,3831.0,8014.0,11045.0,15775.0,13439.0,40401.0,8432.0,8228.0,3832.0,11968.0,5869.0,5619.0,3380.0,1799.0,2687.0,823.0,37041.0,5850.0,30988.0,23442.0,2477.0,796.0,6302.0,7449.0,165.0,15.0,5869.0,3539.0,62121.0,59528.0,5869.0,5104.0,20814.0,107153.0,4655.0,19283.0,265.0,54.0,7.0,146.0,21.0,131.0,5.0,11.0,891.0,107153.0,4655.0,57662.0,863.0,2561.0,5272.0,8978.0,12018.0,11518.0,4290.0,26243.0,3217.0,68319.0,3217.0,191.0,171.0,5166.0,155.0,233.0,7847.0,11635.0,5574.0,2448.0,1000.0,598.0,198.0,1286.0,5052.0,1335.0,2230.0,2148.0,421.0,1552.0,3054.0,3.0,8789.0
43,13,131,13104,255561,269068,36373,52606,355084,68549,35071,55547.0,58319.0,5517.0,376.0,328.0,234.0,948.0,2499.0,3187.0,34298.0,83753.0,5187.0,3717.0,7137.0,9617.0,15984.0,13749.0,40487.0,9443.0,8113.0,2904.0,8371.0,5187.0,5963.0,2894.0,1715.0,2393.0,719.0,27292.0,5571.0,32717.0,17797.0,3975.0,1119.0,9378.0,12271.0,405.0,55.0,5187.0,3467.0,65181.0,51447.0,5187.0,5140.0,12830.0,109897.0,4228.0,11330.0,270.0,68.0,12.0,237.0,17.0,152.0,20.0,4.0,720.0,109897.0,4228.0,56107.0,767.0,2726.0,4907.0,8982.0,9965.0,12683.0,4198.0,23609.0,3011.0,64344.0,3011.0,175.0,245.0,4946.0,113.0,327.0,4899.0,10858.0,5111.0,2366.0,1168.0,1032.0,224.0,1721.0,4259.0,2443.0,2728.0,2738.0,596.0,1619.0,2565.0,14.0,9453.0
44,13,131,13105,340231,355713,52045,80284,468510,82412,13700,61981.0,93628.0,844.0,474.0,97.0,165.0,369.0,2270.0,2677.0,46990.0,104924.0,6862.0,3729.0,10000.0,13363.0,19797.0,16826.0,50479.0,12078.0,9821.0,4631.0,12918.0,6862.0,5730.0,3990.0,2331.0,3510.0,1080.0,41379.0,6073.0,37267.0,27152.0,4157.0,1203.0,9873.0,13942.0,461.0,49.0,6862.0,3176.0,80517.0,70203.0,6862.0,4923.0,19337.0,138447.0,4721.0,17689.0,308.0,56.0,10.0,98.0,15.0,203.0,17.0,14.0,927.0,138447.0,4721.0,68949.0,891.0,3264.0,6312.0,12112.0,15611.0,14255.0,5384.0,33017.0,2710.0,86691.0,2710.0,264.0,254.0,5963.0,258.0,296.0,7818.0,14508.0,5979.0,2568.0,1517.0,963.0,225.0,1941.0,5431.0,2897.0,3521.0,3263.0,562.0,1781.0,2678.0,11.0,10406.0
45,13,131,13106,252805,261026,33532,42896,368222,56922,80566,46372.0,74526.0,7616.0,589.0,730.0,542.0,2587.0,11556.0,2523.0,37898.0,100014.0,5500.0,3629.0,7654.0,10718.0,18563.0,17238.0,45323.0,14895.0,8996.0,3326.0,9282.0,5500.0,5546.0,3308.0,1814.0,2432.0,564.0,29094.0,4242.0,33813.0,20323.0,4178.0,1323.0,12977.0,22871.0,1346.0,176.0,5500.0,3080.0,79975.0,57069.0,5500.0,4497.0,15734.0,126382.0,4925.0,13178.0,504.0,93.0,43.0,400.0,51.0,268.0,23.0,9.0,1165.0,126382.0,4925.0,71578.0,971.0,3854.0,6477.0,10559.0,10021.0,12416.0,4821.0,24019.0,2325.0,68313.0,2325.0,362.0,591.0,4930.0,245.0,233.0,6314.0,14437.0,6149.0,3940.0,1896.0,1620.0,420.0,2750.0,5410.0,3884.0,3882.0,3589.0,706.0,1970.0,3195.0,13.0,9867.0
46,13,131,13107,306733,328378,54762,90713,429980,48890,37341,34326.0,57599.0,949.0,701.0,130.0,262.0,746.0,2401.0,1557.0,33014.0,59762.0,3687.0,2208.0,7554.0,7570.0,12793.0,9747.0,26153.0,11343.0,6776.0,2831.0,6426.0,3687.0,3791.0,3482.0,1645.0,2352.0,396.0,22624.0,2817.0,19280.0,11194.0,1759.0,458.0,5976.0,18318.0,2474.0,243.0,3687.0,1966.0,51817.0,39794.0,3687.0,3373.0,9559.0,85797.0,3315.0,8534.0,182.0,25.0,8.0,43.0,18.0,127.0,9.0,5.0,608.0,85797.0,3315.0,42815.0,501.0,1990.0,3316.0,8648.0,7289.0,6451.0,2924.0,22991.0,1746.0,51619.0,1746.0,186.0,375.0,2571.0,156.0,179.0,3788.0,7163.0,3238.0,1576.0,1643.0,1449.0,384.0,2423.0,3212.0,1760.0,2497.0,2457.0,517.0,955.0,1453.0,19.0,7305.0
47,13,131,13108,206832,216222,30935,36334,302836,46848,121074,26029.0,41380.0,14644.0,378.0,682.0,990.0,5464.0,8433.0,2281.0,23397.0,69848.0,4428.0,2608.0,4979.0,6598.0,12053.0,12301.0,31873.0,11587.0,5812.0,1845.0,4494.0,4428.0,4311.0,1998.0,1222.0,1706.0,290.0,15415.0,2179.0,26220.0,12732.0,2987.0,767.0,10255.0,16598.0,848.0,149.0,4428.0,2487.0,57428.0,34649.0,4428.0,3776.0,7173.0,89289.0,3819.0,5222.0,351.0,29.0,30.0,475.0,27.0,116.0,16.0,8.0,899.0,89289.0,3819.0,52053.0,510.0,2354.0,3948.0,6178.0,5826.0,7595.0,3236.0,16834.0,1747.0,43617.0,1747.0,193.0,182.0,3908.0,138.0,128.0,4382.0,9792.0,3317.0,4254.0,1401.0,1110.0,345.0,1955.0,3524.0,2032.0,2506.0,3159.0,741.0,1612.0,3504.0,9.0,6725.0
48,13,131,13109,166376,180978,23675,34442,235665,48848,18254,30537.0,52178.0,1279.0,405.0,138.0,209.0,755.0,2295.0,2323.0,24906.0,59393.0,3565.0,2255.0,4792.0,6250.0,11354.0,10058.0,28437.0,9729.0,5610.0,1768.0,4612.0,3565.0,3944.0,1948.0,1140.0,1639.0,357.0,15243.0,2507.0,18750.0,12635.0,3472.0,914.0,8417.0,16035.0,914.0,98.0,3565.0,2485.0,50534.0,32435.0,3565.0,3585.0,8122.0,78895.0,3102.0,6853.0,217.0,43.0,6.0,78.0,13.0,151.0,7.0,4.0,750.0,78895.0,3102.0,41143.0,637.0,1757.0,3053.0,7085.0,6792.0,8742.0,2937.0,16029.0,1944.0,44638.0,1944.0,115.0,154.0,2926.0,133.0,112.0,2583.0,7719.0,3112.0,1669.0,1342.0,1071.0,228.0,2094.0,2470.0,1956.0,3104.0,2540.0,473.0,1197.0,1191.0,13.0,7335.0
49,13,131,13110,949154,1034300,132478,202868,1365046,240201,63971,113472.0,233812.0,3665.0,1335.0,346.0,863.0,2104.0,5720.0,5599.0,106767.0,239991.0,12545.0,7613.0,21098.0,27154.0,47739.0,40850.0,110593.0,43022.0,23124.0,8802.0,20618.0,12545.0,11371.0,9154.0,4684.0,6915.0,1456.0,68272.0,10296.0,76631.0,45511.0,11545.0,3722.0,32757.0,71686.0,4728.0,614.0,12545.0,6400.0,204152.0,140142.0,12545.0,10077.0,37510.0,321034.0,8372.0,33794.0,841.0,137.0,48.0,233.0,59.0,532.0,54.0,24.0,1788.0,321034.0,8372.0,167646.0,2249.0,7509.0,12879.0,32294.0,29095.0,31532.0,10752.0,67291.0,5669.0,183843.0,5669.0,442.0,938.0,10564.0,627.0,505.0,13381.0,30179.0,11029.0,6407.0,6289.0,5518.0,1250.0,8931.0,10716.0,7592.0,13111.0,11219.0,2276.0,4989.0,7075.0,54.0,24312.0
50,13,131,13111,221685,232557,33213,49904,312775,51598,10804,48076.0,62475.0,1290.0,401.0,108.0,129.0,417.0,1291.0,2384.0,32556.0,76092.0,4758.0,3165.0,6822.0,9376.0,14095.0,11945.0,36806.0,8370.0,6928.0,3181.0,9460.0,4758.0,4830.0,2841.0,1605.0,2272.0,698.0,29356.0,4629.0,27220.0,20095.0,2768.0,1026.0,6742.0,9307.0,265.0,43.0,4758.0,2946.0,57867.0,49620.0,4758.0,4326.0,14394.0,98168.0,4009.0,13180.0,239.0,40.0,16.0,89.0,16.0,118.0,14.0,16.0,666.0,98168.0,4009.0,50922.0,716.0,2248.0,4421.0,8710.0,10802.0,9826.0,3886.0,22557.0,2483.0,60202.0,2483.0,104.0,116.0,4544.0,146.0,207.0,5164.0,10475.0,4397.0,1876.0,1080.0,647.0,155.0,1498.0,4400.0,1521.0,2357.0,2566.0,394.0,1634.0,2358.0,4.0,8243.0
51,13,131,13112,623433,650516,112589,179682,860990,95846,15624,71346.0,99888.0,856.0,544.0,85.0,88.0,273.0,1137.0,3118.0,54019.0,110099.0,8885.0,4332.0,12741.0,15162.0,20401.0,16644.0,51882.0,10300.0,10246.0,6271.0,18056.0,8885.0,6747.0,5237.0,3002.0,4272.0,1282.0,57201.0,5814.0,37173.0,32873.0,2431.0,728.0,6801.0,7287.0,154.0,14.0,8885.0,4181.0,79830.0,82482.0,8885.0,6138.0,27540.0,144629.0,5166.0,25857.0,274.0,65.0,17.0,70.0,22.0,187.0,17.0,6.0,1025.0,144629.0,5166.0,72854.0,927.0,3336.0,7289.0,12443.0,17556.0,11407.0,6308.0,41678.0,3537.0,96681.0,3537.0,362.0,175.0,6144.0,273.0,395.0,11355.0,15928.0,5833.0,2907.0,1200.0,572.0,190.0,1253.0,6661.0,1510.0,2737.0,2722.0,475.0,2053.0,3721.0,6.0,10645.0
52,13,131,13113,190555,212838,24119,41273,270038,57292,20966,22831.0,63307.0,1153.0,553.0,225.0,208.0,429.0,3010.0,1071.0,29379.0,59760.0,2200.0,1448.0,5813.0,6595.0,13969.0,10074.0,21487.0,15779.0,8295.0,2648.0,3763.0,2200.0,2164.0,2828.0,1260.0,1676.0,360.0,13026.0,1344.0,13048.0,6384.0,2954.0,599.0,7458.0,31553.0,5979.0,1020.0,2200.0,1098.0,57392.0,31312.0,2200.0,1883.0,5885.0,85352.0,1550.0,4683.0,201.0,60.0,15.0,93.0,25.0,156.0,28.0,10.0,614.0,85352.0,1550.0,43285.0,670.0,1614.0,2433.0,10625.0,5318.0,8597.0,2629.0,16559.0,1057.0,46161.0,1057.0,206.0,439.0,2055.0,203.0,97.0,2058.0,5148.0,1680.0,1408.0,1895.0,1883.0,686.0,4146.0,1723.0,3954.0,4608.0,4197.0,850.0,873.0,2002.0,66.0,5392.0
53,13,131,13114,765698,887427,99739,120381,1150787,257805,194328,74642.0,182292.0,3897.0,4945.0,869.0,874.0,2731.0,20426.0,4162.0,86008.0,196709.0,7052.0,5069.0,16229.0,19703.0,46253.0,28597.0,58330.0,60942.0,30260.0,7950.0,10987.0,7052.0,8535.0,8478.0,3437.0,4225.0,547.0,29977.0,2451.0,30949.0,11990.0,10723.0,1453.0,19942.0,127846.0,27574.0,3668.0,7052.0,4526.0,192515.0,87447.0,7052.0,7824.0,9670.0,278628.0,6540.0,6269.0,357.0,86.0,49.0,205.0,37.0,238.0,25.0,24.0,2380.0,278628.0,6540.0,143546.0,2151.0,5880.0,7067.0,35435.0,16316.0,26943.0,8386.0,45019.0,4095.0,139166.0,4095.0,1042.0,2006.0,5648.0,1064.0,273.0,5333.0,18176.0,5291.0,4224.0,6829.0,9449.0,3604.0,17916.0,4334.0,7226.0,13065.0,14254.0,2585.0,2130.0,6811.0,485.0,19832.0
54,13,131,13115,428157,493106,67212,143027,630931,64214,104919,29749.0,63775.0,2334.0,1554.0,391.0,220.0,740.0,5918.0,1152.0,40245.0,61235.0,2752.0,1601.0,8328.0,8392.0,16039.0,10407.0,23500.0,17072.0,7805.0,3301.0,5744.0,2752.0,2493.0,3997.0,1960.0,2329.0,255.0,21249.0,1074.0,17842.0,6269.0,1409.0,209.0,5416.0,31926.0,6992.0,821.0,2752.0,1333.0,59922.0,40624.0,2752.0,2535.0,5275.0,98237.0,2321.0,4075.0,132.0,23.0,7.0,137.0,5.0,54.0,7.0,5.0,830.0,98237.0,2321.0,48296.0,579.0,1991.0,2084.0,14226.0,6208.0,4052.0,2581.0,24602.0,1214.0,53753.0,1214.0,471.0,1877.0,1867.0,176.0,125.0,2749.0,6632.0,1937.0,1512.0,1300.0,2213.0,1281.0,4435.0,2745.0,1041.0,3584.0,3088.0,806.0,991.0,5965.0,68.0,6003.0
55,13,131,13116,192882,194785,29968,43659,266098,44379,14453,51056.0,41589.0,625.0,215.0,32.0,82.0,160.0,2921.0,2124.0,26930.0,64324.0,4390.0,3160.0,5818.0,8292.0,11751.0,9956.0,30297.0,5992.0,6133.0,2836.0,8786.0,4390.0,4553.0,2204.0,1471.0,2078.0,548.0,27255.0,4457.0,23727.0,17230.0,2147.0,631.0,4462.0,5543.0,97.0,8.0,4390.0,2556.0,46323.0,44372.0,4390.0,3719.0,11188.0,83894.0,3722.0,10229.0,161.0,22.0,5.0,58.0,19.0,147.0,3.0,8.0,536.0,83894.0,3722.0,41828.0,587.0,1734.0,4332.0,6908.0,9636.0,8800.0,3412.0,19459.0,2108.0,52547.0,2108.0,184.0,109.0,4048.0,144.0,186.0,4711.0,8970.0,4069.0,1622.0,758.0,463.0,204.0,904.0,3488.0,1266.0,1586.0,1514.0,316.0,1217.0,1346.0,6.0,7038.0
56,13,131,13117,215070,227486,30134,44035,297334,63453,30288,35368.0,51912.0,3503.0,225.0,154.0,233.0,1289.0,1590.0,1975.0,25970.0,64299.0,3705.0,2275.0,5243.0,7694.0,11808.0,10573.0,30404.0,6980.0,6506.0,2320.0,7316.0,3705.0,3700.0,2156.0,1259.0,1743.0,528.0,22718.0,4270.0,23226.0,15147.0,3002.0,834.0,6425.0,8800.0,297.0,37.0,3705.0,2102.0,48649.0,40770.0,3705.0,3125.0,13274.0,79700.0,3275.0,12007.0,198.0,34.0,10.0,199.0,6.0,107.0,8.0,4.0,701.0,79700.0,3275.0,42927.0,556.0,1965.0,3648.0,6995.0,7661.0,9950.0,3251.0,17494.0,1802.0,48999.0,1802.0,91.0,118.0,3378.0,162.0,143.0,4737.0,8192.0,4165.0,1930.0,942.0,770.0,197.0,1410.0,3852.0,1335.0,1989.0,1943.0,400.0,1296.0,2464.0,7.0,5927.0
57,13,131,13118,311993,347580,41268,57304,451123,95438,34375,34633.0,73580.0,1974.0,455.0,160.0,271.0,1015.0,2803.0,1643.0,32213.0,78533.0,3694.0,2094.0,6495.0,8262.0,15295.0,13317.0,33940.0,15639.0,8096.0,2492.0,5888.0,3694.0,3416.0,3033.0,1394.0,1964.0,443.0,18654.0,3537.0,22452.0,13567.0,4364.0,1291.0,10973.0,26675.0,2169.0,373.0,3694.0,1951.0,67279.0,42345.0,3694.0,3216.0,11551.0,102329.0,2654.0,10162.0,273.0,82.0,16.0,86.0,20.0,229.0,20.0,5.0,658.0,102329.0,2654.0,55394.0,639.0,2599.0,4031.0,9750.0,7504.0,12158.0,3493.0,19497.0,1469.0,56433.0,1469.0,118.0,285.0,3539.0,214.0,188.0,3707.0,9489.0,3404.0,2431.0,2368.0,1837.0,456.0,3347.0,3277.0,3222.0,4956.0,3847.0,871.0,1753.0,2086.0,13.0,7224.0
58,13,131,13119,2173945,2352288,293874,529712,3250569,321208,91230,164629.0,337062.0,3224.0,1686.0,249.0,1207.0,1965.0,5029.0,6576.0,163130.0,331495.0,17909.0,9093.0,29753.0,40067.0,67802.0,59133.0,171352.0,52756.0,27639.0,11786.0,29519.0,17909.0,13911.0,11899.0,7257.0,10108.0,2042.0,97472.0,11728.0,123207.0,75172.0,13397.0,4992.0,49656.0,84341.0,3943.0,393.0,17909.0,8111.0,293205.0,197701.0,17909.0,12812.0,51728.0,458864.0,11035.0,47225.0,1076.0,214.0,78.0,219.0,70.0,671.0,67.0,39.0,2069.0,458864.0,11035.0,236603.0,2930.0,11037.0,18086.0,52019.0,45081.0,33822.0,14386.0,100843.0,6820.0,264237.0,6820.0,1218.0,1259.0,19347.0,860.0,828.0,14909.0,46536.0,22906.0,8932.0,7587.0,7345.0,1328.0,10422.0,15326.0,11921.0,16376.0,14109.0,2370.0,5842.0,7520.0,49.0,33580.0
59,13,131,13120,588760,700573,85796,94480,909517,182102,98379,46311.0,141709.0,1901.0,1618.0,352.0,612.0,2021.0,10404.0,3309.0,54998.0,143833.0,5594.0,3812.0,11335.0,12535.0,29145.0,22090.0,48753.0,42507.0,18939.0,4842.0,6855.0,5594.0,5642.0,5930.0,2353.0,2961.0,511.0,19754.0,3042.0,25163.0,12983.0,7757.0,1817.0,18408.0,83151.0,13086.0,2448.0,5594.0,3279.0,136258.0,60795.0,5594.0,5590.0,14099.0,189666.0,4472.0,11293.0,543.0,125.0,69.0,151.0,56.0,370.0,55.0,25.0,1412.0,189666.0,4472.0,106734.0,1298.0,5074.0,6364.0,18255.0,10079.0,20755.0,5667.0,31000.0,3011.0,92120.0,3011.0,331.0,1131.0,4988.0,544.0,239.0,4153.0,14180.0,4297.0,3830.0,6647.0,5292.0,1512.0,11473.0,3601.0,8032.0,12698.0,10544.0,2338.0,2245.0,1787.0,126.0,13118.0
60,13,131,13121,178004,185905,23897,35063,246490,51300,17945,45303.0,47904.0,1196.0,262.0,89.0,81.0,427.0,3549.0,2363.0,27179.0,67397.0,3738.0,2860.0,5846.0,7887.0,12190.0,10424.0,32214.0,7567.0,6609.0,2504.0,7435.0,3738.0,4760.0,2473.0,1285.0,2019.0,428.0,23162.0,4516.0,23719.0,17115.0,3181.0,1133.0,5920.0,9468.0,353.0,57.0,3738.0,2607.0,51038.0,42284.0,3738.0,4114.0,10647.0,86516.0,4011.0,9332.0,232.0,70.0,3.0,60.0,18.0,163.0,28.0,32.0,709.0,86516.0,4011.0,43734.0,688.0,1878.0,4241.0,7228.0,8660.0,10729.0,3363.0,18056.0,2597.0,52277.0,2597.0,155.0,113.0,3415.0,117.0,132.0,3852.0,9437.0,3920.0,1733.0,898.0,644.0,223.0,1443.0,3680.0,1574.0,2283.0,1981.0,369.0,1298.0,1394.0,6.0,7633.0
61,13,131,13122,714708,768490,103132,186071,1036760,126352,60760,90719.0,136048.0,4885.0,926.0,327.0,471.0,1364.0,3170.0,3689.0,75962.0,152263.0,8459.0,4915.0,15733.0,19144.0,31588.0,25173.0,68900.0,24178.0,15807.0,7095.0,18003.0,8459.0,7519.0,7113.0,3515.0,4919.0,1028.0,57978.0,7078.0,49086.0,33462.0,4317.0,1222.0,15375.0,38263.0,4708.0,705.0,8459.0,4371.0,126071.0,100118.0,8459.0,6951.0,30534.0,205930.0,5135.0,27805.0,494.0,130.0,29.0,259.0,30.0,307.0,43.0,11.0,1426.0,205930.0,5135.0,110611.0,1409.0,4594.0,8477.0,22555.0,16948.0,16800.0,7363.0,49145.0,3697.0,121288.0,3697.0,347.0,649.0,5801.0,381.0,444.0,12238.0,19545.0,6899.0,4544.0,3270.0,2828.0,758.0,5274.0,7819.0,4359.0,6972.0,6443.0,1285.0,3147.0,7759.0,30.0,15822.0
62,13,131,13123,548103,643650,72235,70631,846902,187730,131384,23390.0,98497.0,1815.0,2197.0,441.0,494.0,1324.0,11679.0,2242.0,35073.0,100621.0,3737.0,2648.0,6726.0,8324.0,22143.0,13541.0,29072.0,32150.0,14660.0,3765.0,4051.0,3737.0,3910.0,3789.0,1291.0,1610.0,201.0,9783.0,1076.0,12244.0,5483.0,5127.0,862.0,9796.0,66862.0,15110.0,2885.0,3737.0,2223.0,97759.0,36772.0,3737.0,3811.0,7033.0,131992.0,3054.0,4908.0,333.0,139.0,54.0,161.0,22.0,252.0,50.0,10.0,1104.0,131992.0,3054.0,76671.0,1174.0,3934.0,3682.0,13270.0,5671.0,13925.0,4097.0,17744.0,1911.0,58389.0,1911.0,395.0,983.0,2831.0,465.0,161.0,2419.0,8113.0,2187.0,2877.0,5631.0,3918.0,1392.0,11622.0,2011.0,5852.0,8772.0,8131.0,1870.0,1404.0,1568.0,297.0,8880.0
63,13,131,13124,1400331,1493088,209173,339671,2097414,181080,67365,82074.0,135941.0,2374.0,1113.0,197.0,425.0,1450.0,2622.0,4097.0,69864.0,145943.0,9177.0,5309.0,14422.0,18009.0,28900.0,24362.0,71927.0,19855.0,12422.0,5917.0,17165.0,9177.0,8137.0,5744.0,3615.0,4831.0,1125.0,53629.0,5959.0,52151.0,37413.0,4054.0,1327.0,16735.0,27856.0,1605.0,223.0,9177.0,4849.0,120352.0,93626.0,9177.0,7138.0,28298.0,195604.0,6391.0,26179.0,332.0,97.0,19.0,164.0,20.0,242.0,33.0,23.0,1189.0,195604.0,6391.0,104857.0,1209.0,5165.0,8369.0,19086.0,19150.0,14027.0,6328.0,48005.0,4097.0,114965.0,4097.0,751.0,591.0,7620.0,363.0,387.0,9275.0,20598.0,11408.0,4542.0,2946.0,2721.0,513.0,3597.0,8150.0,4463.0,5429.0,5311.0,965.0,2642.0,4207.0,23.0,14729.0
64,13,131,13125,1698471,1756396,246973,472905,2484924,152287,254382,55709.0,135102.0,3155.0,747.0,237.0,399.0,1165.0,10282.0,3614.0,69266.0,126784.0,8820.0,5540.0,13375.0,16616.0,26592.0,22011.0,68766.0,16464.0,9622.0,5671.0,14439.0,8820.0,8034.0,4957.0,3464.0,4700.0,1040.0,49133.0,3115.0,51881.0,33476.0,2645.0,1045.0,16201.0,23534.0,1099.0,124.0,8820.0,5176.0,110106.0,84059.0,8820.0,7425.0,23147.0,179631.0,7632.0,20593.0,461.0,76.0,11.0,139.0,32.0,326.0,28.0,14.0,1467.0,179631.0,7632.0,96007.0,1206.0,4414.0,7616.0,18148.0,16559.0,7753.0,6530.0,47901.0,4276.0,104507.0,4276.0,529.0,727.0,10214.0,292.0,603.0,7421.0,17870.0,9632.0,3804.0,2364.0,1914.0,417.0,3144.0,6781.0,3621.0,4675.0,4304.0,742.0,1817.0,3073.0,18.0,17665.0
65,13,131,13126,184166,194394,25215,36037,261529,48964,36057,46962.0,48830.0,5723.0,386.0,132.0,445.0,2293.0,3116.0,2139.0,29263.0,73625.0,3991.0,3147.0,5810.0,8183.0,13616.0,12326.0,36049.0,10043.0,6858.0,2209.0,6496.0,3991.0,4445.0,2329.0,1347.0,2029.0,435.0,20365.0,3985.0,26484.0,17013.0,3764.0,1113.0,9232.0,14546.0,608.0,67.0,3991.0,2718.0,60089.0,42082.0,3991.0,3864.0,10967.0,95038.0,4021.0,9496.0,266.0,37.0,17.0,216.0,13.0,128.0,19.0,11.0,764.0,95038.0,4021.0,51974.0,552.0,2168.0,4164.0,8213.0,8114.0,10421.0,3039.0,19276.0,2105.0,53227.0,2105.0,124.0,241.0,4882.0,146.0,194.0,3998.0,9738.0,4740.0,2548.0,1444.0,1133.0,232.0,2021.0,3632.0,2004.0,2881.0,2771.0,480.0,1633.0,2314.0,12.0,7526.0
66,13,131,13127,313334,325866,45133,65484,440427,79250,83253,65952.0,64295.0,13976.0,608.0,1481.0,704.0,1664.0,5934.0,3237.0,41286.0,105961.0,6328.0,4276.0,8723.0,11833.0,19474.0,17631.0,49736.0,13975.0,9746.0,3733.0,10129.0,6328.0,6543.0,3686.0,1942.0,2984.0,742.0,33411.0,5524.0,40503.0,21606.0,4438.0,1349.0,11703.0,18581.0,1230.0,204.0,6328.0,3620.0,82683.0,63250.0,6328.0,5590.0,16592.0,135640.0,5619.0,12761.0,1004.0,72.0,28.0,733.0,39.0,231.0,24.0,17.0,1683.0,135640.0,5619.0,74753.0,1059.0,3226.0,5887.0,10747.0,11069.0,14053.0,5369.0,28452.0,3236.0,75577.0,3236.0,201.0,279.0,5903.0,160.0,237.0,7249.0,13638.0,5605.0,3963.0,1631.0,1201.0,375.0,2890.0,6158.0,2701.0,3574.0,3887.0,828.0,2330.0,4251.0,13.0,11964.0
67,13,131,13128,422653,434642,71380,113481,587021,65882,26331,65439.0,72740.0,2178.0,457.0,112.0,174.0,582.0,2009.0,3460.0,44497.0,92370.0,6308.0,3976.0,10367.0,11885.0,17450.0,14214.0,46898.0,8723.0,8204.0,4148.0,12363.0,6308.0,6591.0,4472.0,2366.0,3334.0,981.0,39371.0,4372.0,33980.0,26083.0,2843.0,758.0,8262.0,9587.0,310.0,46.0,6308.0,4078.0,72043.0,62627.0,6308.0,6173.0,19683.0,121229.0,6239.0,18199.0,264.0,39.0,2.0,116.0,19.0,205.0,20.0,11.0,808.0,121229.0,6239.0,63941.0,946.0,3024.0,5396.0,10306.0,12750.0,10031.0,5090.0,32196.0,3471.0,75769.0,3471.0,256.0,287.0,6087.0,180.0,293.0,6421.0,11821.0,7263.0,2577.0,1334.0,841.0,199.0,1730.0,5617.0,1671.0,2534.0,2428.0,383.0,1373.0,2539.0,8.0,12069.0
68,13,131,13129,187471,199237,24957,35176,263216,54501,23111,37814.0,49385.0,2338.0,402.0,119.0,242.0,984.0,1838.0,1370.0,25922.0,63240.0,3377.0,1953.0,5140.0,7309.0,11998.0,10379.0,30161.0,8552.0,6650.0,2135.0,6172.0,3377.0,2619.0,2276.0,1186.0,1602.0,416.0,18957.0,4439.0,21555.0,14416.0,3415.0,1167.0,7178.0,12331.0,534.0,95.0,3377.0,1548.0,50571.0,38155.0,3377.0,2389.0,9725.0,82532.0,2235.0,8526.0,262.0,45.0,20.0,119.0,24.0,211.0,21.0,8.0,489.0,82532.0,2235.0,42379.0,616.0,1836.0,3471.0,7490.0,7207.0,10350.0,3400.0,16278.0,1465.0,48196.0,1465.0,67.0,151.0,4236.0,165.0,159.0,3351.0,8646.0,3394.0,1909.0,1169.0,880.0,227.0,1745.0,3160.0,1917.0,2428.0,2318.0,421.0,1352.0,1630.0,9.0,5497.0
69,13,131,13130,179034,202227,26766,33332,268889,48085,25454,31277.0,66390.0,1866.0,479.0,216.0,338.0,1417.0,3799.0,2172.0,29173.0,72478.0,3649.0,2654.0,5917.0,7041.0,13883.0,12088.0,29594.0,17712.0,7488.0,2303.0,4430.0,3649.0,3849.0,2791.0,1286.0,1795.0,282.0,14289.0,2401.0,18521.0,10750.0,3676.0,999.0,10469.0,31486.0,2870.0,401.0,3649.0,2289.0,65020.0,35745.0,3649.0,3540.0,8258.0,96248.0,3448.0,6919.0,304.0,45.0,24.0,120.0,25.0,201.0,23.0,8.0,589.0,96248.0,3448.0,53324.0,667.0,2775.0,3375.0,8668.0,6376.0,9564.0,3351.0,17915.0,1939.0,49249.0,1939.0,140.0,303.0,3661.0,251.0,152.0,2812.0,8745.0,3029.0,1950.0,2535.0,2426.0,484.0,3831.0,2509.0,3851.0,4788.0,4541.0,645.0,1280.0,1190.0,16.0,7627.0
70,13,131,13131,139057,143244,20703,30250,186809,40711,7919,35850.0,42508.0,952.0,234.0,67.0,64.0,247.0,1202.0,1776.0,22718.0,53661.0,3685.0,2836.0,4599.0,6600.0,9599.0,8563.0,25496.0,5804.0,5521.0,2322.0,6662.0,3685.0,4049.0,1903.0,1057.0,1564.0,489.0,21683.0,4265.0,18453.0,14880.0,2051.0,550.0,4170.0,5648.0,162.0,28.0,3685.0,2312.0,39444.0,36277.0,3685.0,3494.0,10972.0,68923.0,3005.0,10035.0,152.0,37.0,12.0,51.0,28.0,122.0,5.0,8.0,522.0,68923.0,3005.0,35112.0,554.0,1512.0,3117.0,6053.0,7566.0,8626.0,2639.0,15817.0,1904.0,43818.0,1904.0,77.0,87.0,3245.0,132.0,133.0,4109.0,7401.0,2818.0,1288.0,662.0,392.0,110.0,901.0,2757.0,1062.0,1503.0,1661.0,292.0,1107.0,1702.0,5.0,5734.0
71,13,131,13132,232638,285254,39425,50262,328584,88190,55976,17994.0,55985.0,1395.0,1330.0,264.0,245.0,593.0,6532.0,1046.0,25385.0,56212.0,2451.0,1336.0,5631.0,5708.0,13453.0,7887.0,16089.0,17650.0,8789.0,2361.0,3119.0,2451.0,2246.0,3049.0,1224.0,1330.0,148.0,9785.0,530.0,8975.0,2532.0,3292.0,314.0,5077.0,35581.0,8526.0,1277.0,2451.0,1293.0,55370.0,25305.0,2451.0,2258.0,2413.0,81346.0,1625.0,1265.0,68.0,38.0,11.0,83.0,13.0,57.0,6.0,1.0,871.0,81346.0,1625.0,40347.0,810.0,1617.0,1499.0,9358.0,4884.0,7548.0,2546.0,15743.0,1032.0,41578.0,1032.0,572.0,430.0,1814.0,254.0,70.0,1401.0,5166.0,1162.0,1031.0,1589.0,2347.0,1449.0,5656.0,927.0,1142.0,3610.0,3507.0,784.0,544.0,3579.0,181.0,5559.0
72,13,132,13201,2289415,2438977,350064,592282,3345404,304795,62111,200532.0,346386.0,2860.0,1813.0,259.0,964.0,1316.0,3437.0,10539.0,182656.0,349811.0,22569.0,13070.0,36914.0,45148.0,71358.0,59674.0,180928.0,49289.0,27705.0,14895.0,39281.0,22569.0,20345.0,14961.0,8913.0,12389.0,2854.0,127393.0,11302.0,131081.0,87141.0,10645.0,4275.0,46146.0,72949.0,3069.0,317.0,22569.0,12102.0,302000.0,225399.0,22569.0,18138.0,62337.0,490199.0,15570.0,57382.0,1060.0,213.0,64.0,192.0,76.0,790.0,73.0,45.0,2442.0,490199.0,15570.0,252457.0,3228.0,12142.0,19799.0,50991.0,48066.0,30626.0,17378.0,122789.0,10630.0,289649.0,10630.0,1030.0,1299.0,18342.0,935.0,872.0,23827.0,48330.0,19156.0,8999.0,7460.0,6069.0,1262.0,9267.0,17772.0,10247.0,16725.0,15841.0,2314.0,6770.0,10570.0,42.0,40698.0
73,13,132,13202,10294,10024,1709,2539,13843,1793,162,10178.0,15256.0,77.0,90.0,11.0,32.0,39.0,322.0,516.0,7963.0,16932.0,1000.0,626.0,1744.0,1909.0,3384.0,2639.0,7779.0,2693.0,1533.0,746.0,2059.0,1000.0,1035.0,730.0,426.0,576.0,81.0,6289.0,637.0,5130.0,3654.0,474.0,127.0,1904.0,4362.0,425.0,81.0,1000.0,625.0,14136.0,10405.0,1000.0,980.0,1716.0,23913.0,892.0,1503.0,32.0,10.0,5.0,9.0,3.0,22.0,6.0,1.0,125.0,23913.0,892.0,11928.0,214.0,455.0,661.0,2241.0,2527.0,1649.0,848.0,5538.0,460.0,13464.0,460.0,924.0,83.0,873.0,41.0,71.0,978.0,1511.0,727.0,312.0,207.0,179.0,81.0,528.0,758.0,495.0,853.0,760.0,194.0,162.0,666.0,2.0,2192.0
74,13,132,13203,10182,10145,1243,2155,13659,2319,451,8184.0,8766.0,90.0,99.0,15.0,33.0,92.0,383.0,527.0,4681.0,12314.0,668.0,526.0,986.0,1213.0,2268.0,1898.0,5828.0,1670.0,1019.0,473.0,1319.0,668.0,847.0,437.0,206.0,328.0,49.0,3942.0,453.0,4623.0,2102.0,307.0,99.0,1470.0,2700.0,219.0,46.0,668.0,540.0,10012.0,6740.0,668.0,769.0,1568.0,15902.0,719.0,1336.0,38.0,9.0,6.0,14.0,9.0,19.0,10.0,2.0,125.0,15902.0,719.0,8514.0,176.0,927.0,561.0,1192.0,1264.0,1274.0,670.0,3249.0,362.0,8210.0,362.0,240.0,230.0,382.0,351.0,56.0,1914.0,807.0,448.0,783.0,95.0,77.0,31.0,268.0,519.0,353.0,538.0,601.0,125.0,112.0,280.0,3.0,1404.0
75,13,133,13301,707879,674847,125925,194057,948845,74028,77104,50816.0,82726.0,2319.0,1288.0,985.0,451.0,1196.0,4076.0,2350.0,51458.0,84980.0,6617.0,3152.0,13280.0,11295.0,19161.0,13225.0,36663.0,14742.0,9184.0,4944.0,11911.0,6617.0,5185.0,6038.0,3190.0,3889.0,903.0,41101.0,2102.0,29610.0,14482.0,1397.0,362.0,7054.0,21798.0,4347.0,383.0,6617.0,2934.0,73575.0,61202.0,6617.0,4813.0,12878.0,129714.0,3615.0,11274.0,296.0,49.0,14.0,327.0,29.0,116.0,15.0,3.0,755.0,129714.0,3615.0,62449.0,871.0,2784.0,3994.0,11111.0,11359.0,5572.0,7366.0,38381.0,2320.0,77783.0,2320.0,2680.0,1085.0,4292.0,226.0,359.0,6237.0,9194.0,4173.0,1993.0,1285.0,1637.0,666.0,2954.0,4458.0,3020.0,3708.0,2818.0,597.0,953.0,4440.0,23.0,9306.0
76,13,133,13302,304710,303555,54855,91845,411265,28260,21260,30631.0,65571.0,921.0,425.0,182.0,206.0,497.0,1921.0,1680.0,33577.0,60956.0,5430.0,2071.0,8235.0,8164.0,12342.0,10403.0,29580.0,8628.0,5222.0,3019.0,7740.0,5430.0,3271.0,3280.0,2036.0,2796.0,610.0,27343.0,1601.0,21586.0,14065.0,1048.0,321.0,7049.0,11878.0,784.0,91.0,5430.0,2116.0,51155.0,42257.0,5430.0,3192.0,10986.0,88182.0,2866.0,9980.0,209.0,53.0,25.0,82.0,26.0,155.0,18.0,9.0,429.0,88182.0,2866.0,44539.0,725.0,2136.0,3094.0,7220.0,9266.0,4026.0,2702.0,26737.0,1589.0,53045.0,1589.0,2629.0,397.0,4845.0,99.0,415.0,3790.0,7813.0,4491.0,1438.0,1015.0,848.0,250.0,1586.0,2746.0,1429.0,2536.0,1895.0,350.0,684.0,1205.0,3.0,6936.0
77,13,134,13401,1121241,1169308,186471,313619,1578508,138221,50708,135653.0,151333.0,1326.0,954.0,128.0,391.0,505.0,5084.0,5939.0,94002.0,185542.0,13850.0,7919.0,20149.0,23623.0,36009.0,29634.0,93826.0,22833.0,15891.0,8902.0,23864.0,13850.0,12732.0,7677.0,5186.0,6947.0,1635.0,76868.0,7180.0,68008.0,48638.0,5642.0,1882.0,18837.0,29635.0,1422.0,166.0,13850.0,7740.0,152055.0,124126.0,13850.0,11282.0,33691.0,258191.0,9431.0,31153.0,550.0,131.0,20.0,119.0,49.0,281.0,24.0,20.0,1344.0,258191.0,9431.0,127704.0,1861.0,5937.0,11226.0,23881.0,27712.0,18118.0,10412.0,68432.0,6030.0,159781.0,6030.0,1901.0,658.0,11931.0,394.0,615.0,12812.0,23961.0,11725.0,4402.0,2862.0,2253.0,489.0,3929.0,8893.0,5327.0,7284.0,6193.0,952.0,2810.0,4284.0,12.0,21815.0
78,13,134,13402,239023,253299,34713,56251,339129,41753,7343,49036.0,44128.0,190.0,242.0,136.0,165.0,240.0,973.0,1504.0,28980.0,60921.0,4796.0,1917.0,6385.0,7691.0,11762.0,10158.0,27372.0,8463.0,5863.0,3120.0,7854.0,4796.0,3150.0,2449.0,1642.0,2207.0,487.0,25593.0,2334.0,22245.0,10727.0,1673.0,341.0,7246.0,12113.0,786.0,90.0,4796.0,1885.0,49082.0,39916.0,4796.0,2820.0,7869.0,86550.0,2195.0,7117.0,139.0,34.0,8.0,56.0,11.0,82.0,12.0,8.0,402.0,86550.0,2195.0,41918.0,593.0,2207.0,3052.0,7610.0,9150.0,5920.0,2978.0,21672.0,1514.0,50382.0,1514.0,5415.0,285.0,3930.0,156.0,177.0,3135.0,6935.0,3254.0,1256.0,790.0,708.0,198.0,1241.0,2014.0,1673.0,2656.0,1973.0,429.0,706.0,1336.0,6.0,6445.0
79,13,134,13403,12856,13035,2062,3147,17907,2209,394,10010.0,14463.0,93.0,79.0,22.0,9.0,35.0,379.0,302.0,7870.0,16017.0,997.0,508.0,1553.0,1864.0,2979.0,2556.0,7502.0,2498.0,1610.0,775.0,2162.0,997.0,896.0,643.0,332.0,548.0,108.0,6557.0,596.0,5655.0,2987.0,385.0,98.0,1653.0,3946.0,341.0,62.0,997.0,484.0,13296.0,10281.0,997.0,818.0,1514.0,23078.0,800.0,1321.0,38.0,8.0,7.0,6.0,3.0,6.0,2.0,3.0,120.0,23078.0,800.0,11376.0,193.0,434.0,671.0,2348.0,2431.0,1486.0,742.0,5312.0,399.0,12990.0,399.0,1028.0,55.0,837.0,26.0,29.0,716.0,1605.0,1111.0,375.0,179.0,160.0,76.0,469.0,741.0,400.0,656.0,522.0,106.0,174.0,661.0,2.0,2075.0
80,13,134,13404,65263,66854,9389,17175,90934,10080,5038,35387.0,33465.0,396.0,149.0,613.0,99.0,102.0,950.0,1598.0,21377.0,46154.0,3306.0,1922.0,4626.0,5643.0,8422.0,7347.0,20681.0,5366.0,4809.0,2423.0,7303.0,3306.0,2833.0,1672.0,1200.0,1636.0,469.0,22178.0,2074.0,17087.0,8364.0,1017.0,239.0,4451.0,6784.0,424.0,75.0,3306.0,1783.0,35769.0,31072.0,3306.0,2612.0,6219.0,63870.0,2670.0,5563.0,128.0,21.0,9.0,88.0,23.0,48.0,6.0,4.0,329.0,63870.0,2670.0,30652.0,568.0,1535.0,2318.0,5678.0,7773.0,4642.0,2421.0,15924.0,1248.0,38756.0,1248.0,6280.0,109.0,2600.0,65.0,137.0,2379.0,4399.0,2242.0,960.0,327.0,255.0,81.0,760.0,1488.0,924.0,1637.0,1128.0,233.0,379.0,1160.0,1.0,5211.0
81,13,135,13501,257759,275011,38002,61375,362222,49725,16315,76531.0,40280.0,315.0,234.0,909.0,94.0,299.0,1699.0,3266.0,35460.0,78849.0,6136.0,3182.0,7606.0,9494.0,14121.0,12607.0,35830.0,9753.0,7874.0,3999.0,11251.0,6136.0,4956.0,2827.0,1969.0,2730.0,493.0,35871.0,4195.0,28761.0,15263.0,2242.0,480.0,7368.0,11539.0,561.0,71.0,6136.0,3121.0,60103.0,53119.0,6136.0,4269.0,8678.0,110788.0,4161.0,7390.0,137.0,36.0,12.0,378.0,26.0,116.0,9.0,1.0,573.0,110788.0,4161.0,50740.0,937.0,2460.0,4069.0,9275.0,13333.0,10139.0,4066.0,25907.0,2701.0,66789.0,2701.0,9534.0,222.0,3706.0,182.0,208.0,3849.0,8128.0,3776.0,1682.0,588.0,445.0,116.0,1172.0,1904.0,1665.0,3143.0,2423.0,293.0,683.0,1584.0,2.0,8832.0
82,13,135,13503,27866,29412,4197,6822,39044,5833,655,17534.0,13449.0,94.0,99.0,21.0,42.0,77.0,444.0,819.0,9254.0,21016.0,1409.0,900.0,2073.0,2487.0,3910.0,3325.0,9365.0,2685.0,2035.0,999.0,2939.0,1409.0,1352.0,837.0,482.0,720.0,146.0,8956.0,1073.0,8403.0,3155.0,574.0,129.0,2124.0,3510.0,264.0,39.0,1409.0,758.0,16371.0,13644.0,1409.0,1155.0,2344.0,29120.0,1115.0,2037.0,68.0,16.0,8.0,9.0,5.0,51.0,2.0,2.0,146.0,29120.0,1115.0,13837.0,274.0,594.0,979.0,2459.0,3286.0,2649.0,1103.0,6725.0,673.0,17201.0,673.0,1721.0,82.0,841.0,43.0,53.0,1152.0,2043.0,1507.0,616.0,258.0,191.0,64.0,434.0,658.0,450.0,791.0,599.0,120.0,217.0,567.0,3.0,2295.0
83,13,136,13601,135499,139601,21620,32828,190526,23959,4116,36492.0,34922.0,232.0,196.0,81.0,50.0,227.0,823.0,1214.0,22961.0,46608.0,3195.0,1473.0,4902.0,5639.0,9223.0,7251.0,23251.0,6308.0,4371.0,2094.0,5716.0,3195.0,2287.0,2027.0,1150.0,1655.0,320.0,18032.0,2004.0,16439.0,11401.0,1413.0,340.0,4906.0,9186.0,685.0,91.0,3195.0,1393.0,39088.0,29771.0,3195.0,2183.0,5923.0,66533.0,1781.0,5316.0,140.0,26.0,5.0,40.0,6.0,59.0,4.0,3.0,324.0,66533.0,1781.0,31667.0,532.0,1528.0,2465.0,6117.0,7096.0,4927.0,2861.0,15959.0,1085.0,39425.0,1085.0,1634.0,137.0,3613.0,103.0,166.0,2301.0,5536.0,2574.0,1114.0,533.0,515.0,135.0,1029.0,1724.0,1307.0,2191.0,1495.0,271.0,534.0,1232.0,3.0,5580.0
84,13,136,13604,127358,130267,20610,31078,177770,21147,5748,19523.0,41091.0,310.0,171.0,41.0,104.0,225.0,826.0,959.0,19126.0,39697.0,3096.0,1331.0,4258.0,4781.0,7409.0,6111.0,20286.0,5079.0,3359.0,1742.0,5090.0,3096.0,2039.0,1654.0,1070.0,1474.0,291.0,15723.0,1866.0,12842.0,11600.0,991.0,342.0,4125.0,6465.0,342.0,32.0,3096.0,1337.0,33031.0,25206.0,3096.0,1917.0,6662.0,54934.0,1654.0,6109.0,138.0,19.0,2.0,36.0,4.0,81.0,10.0,2.0,261.0,54934.0,1654.0,27175.0,415.0,1252.0,2187.0,4780.0,6387.0,3761.0,2075.0,14208.0,1010.0,33398.0,1010.0,729.0,148.0,3252.0,112.0,157.0,2631.0,5050.0,2770.0,870.0,624.0,468.0,114.0,918.0,1623.0,902.0,1434.0,1149.0,195.0,489.0,969.0,4.0,4234.0
85,13,136,13605,285928,302270,46516,73318,400211,54578,7732,40949.0,46006.0,216.0,265.0,71.0,179.0,243.0,642.0,1630.0,27947.0,56149.0,3779.0,2326.0,5936.0,6582.0,10828.0,9099.0,28523.0,7821.0,5510.0,2344.0,6389.0,3779.0,3390.0,2300.0,1492.0,2040.0,416.0,20916.0,2827.0,19965.0,14767.0,1634.0,485.0,6190.0,10688.0,611.0,63.0,3779.0,2028.0,47724.0,35493.0,3779.0,3205.0,7215.0,79969.0,3017.0,6592.0,119.0,30.0,10.0,38.0,15.0,74.0,2.0,4.0,331.0,79969.0,3017.0,37596.0,524.0,1868.0,3059.0,7487.0,8643.0,6604.0,2752.0,19912.0,1756.0,48457.0,1756.0,1041.0,203.0,4608.0,150.0,182.0,2649.0,6796.0,3739.0,1340.0,739.0,759.0,168.0,1393.0,1839.0,1648.0,2556.0,1751.0,284.0,671.0,1196.0,1.0,6275.0
86,14,141,14101,486975,532624,64347,109292,712061,97049,6469,96136.0,64415.0,122.0,816.0,34.0,86.0,336.0,1335.0,2800.0,55715.0,101101.0,5398.0,3866.0,10390.0,12960.0,20435.0,17421.0,51114.0,18341.0,9436.0,4401.0,10684.0,5398.0,5500.0,4775.0,2286.0,3185.0,675.0,35077.0,4196.0,34633.0,22620.0,3419.0,1703.0,9444.0,32300.0,2522.0,935.0,5398.0,2912.0,87877.0,68040.0,5398.0,4765.0,28868.0,133548.0,3664.0,26971.0,139.0,30.0,14.0,39.0,16.0,52.0,47.0,19.0,1541.0,133548.0,3664.0,69898.0,1235.0,2866.0,4992.0,20368.0,13106.0,14974.0,5096.0,30960.0,2585.0,89496.0,2585.0,1810.0,110.0,4928.0,175.0,250.0,6165.0,11049.0,4154.0,3651.0,1617.0,930.0,284.0,2542.0,3472.0,5001.0,7259.0,5003.0,772.0,1057.0,2964.0,7.0,10799.0
87,15,151,15101,622605,672680,98102,164445,864092,118929,61077,122709.0,74921.0,8226.0,360.0,7816.0,390.0,1074.0,1280.0,4588.0,72489.0,134647.0,8815.0,5413.0,15516.0,16338.0,27126.0,23187.0,71381.0,20285.0,11617.0,4823.0,13376.0,8815.0,8900.0,6497.0,3622.0,5235.0,905.0,46767.0,5473.0,49989.0,35945.0,4051.0,2075.0,15702.0,29314.0,1712.0,308.0,8815.0,4954.0,117744.0,87054.0,8815.0,7751.0,75883.0,140415.0,5066.0,7646.0,56827.0,38.0,740.0,2504.0,308.0,1887.0,26.0,8.0,5899.0,140415.0,5066.0,89331.0,2200.0,4247.0,7810.0,20050.0,17434.0,17277.0,9555.0,48663.0,4797.0,120789.0,4797.0,5796.0,2346.0,3806.0,207.0,347.0,7175.0,14918.0,7898.0,4663.0,817.0,766.0,200.0,2164.0,4088.0,9763.0,7529.0,4215.0,663.0,1615.0,2077.0,6.0,14719.0
